kb_id,category,name,type,tagline,description,key_features,target_industries,target_roles,pain_points_solved,ideal_customer_profile,differentiators,deployment_options,compliance,pricing_model,cta,url,objection_1,objection_1_response,objection_2,objection_2_response,objection_3,objection_3_response,competitor_context,proof_points
BD-PROD-001,Product,AI Hub,Platform,The governed foundation for enterprise AI,"AI Hub by Beam Data unifies models, data, and agent workflows into one governed platform. Deployed in your cloud or fully on-prem - no AI sprawl, no shadow AI, no surprises.",AI Assistants; RAG Knowledge Base; Scalable AI Orchestration; Model & Data Governance; Cost-Controlled Scaling; Secure On-Prem/VPC Deployment; SSO/SAML/RBAC; Audit Trails; Agent Sandboxing; Department-level Segmentation,Manufacturing; EdTech; Media & Research; Finance & Professional Services; Enterprise,CTO; VP of Engineering; Head of AI; Chief Data Officer; Enterprise Architect; IT Leadership,Fragmented AI tools; Rogue AI experiments; Duplicate RAG pipelines; Untracked workflows; No unified governance; Zero visibility into AI cost or compliance; Shadow AI risk,Enterprise with 200+ employees running multiple AI tools with no central governance layer; regulated industries needing on-prem AI; organizations moving from AI PoC to production at scale,"On-prem & private cloud deployment; Unified governance across agents, models, data and workflows; Multi-agent orchestration in production; Vertical intelligence baked in; Fastest path from PoC to production","On-premises; Private VPC; Customer cloud (AWS, Azure, GCP)",ISO 27001; SSO/SAML; RBAC; Immutable audit logs; Data residency compliance; Agent sandboxing,Enterprise - contact for pricing; free demo available,Book a Demo at beamdata.ai/ai-hub,https://beamdata.ai/ai-hub,We already have ChatGPT / Copilot,Generic AI tools create shadow AI and have no governance. AI Hub is the controlled layer your enterprise runs all AI on - including those tools.,We are not ready for AI yet,"That is exactly why AI Hub exists - it gives you the governed foundation to start safely, then scale. We offer an AI Readiness Assessment as a starting point.",We have security and compliance concerns,"AI Hub deploys fully on-prem or in your private VPC. Zero data leaves your environment. SSO, RBAC, audit trails and data residency compliance are built in from day one.","Unlike generic SaaS AI tools (Microsoft Copilot, OpenAI), AI Hub is private, governed, and built for enterprise production - not pilot projects.","Clients include Samsung, EY, Mars, Globe and Mail, Sportsnet, Toromont CAT; over a decade of AI and data delivery experience"
BD-PROD-002,Product - AI Hub Component,AI Hub - AI Assistants,Platform Component,Domain-aware AI assistants with guardrails and full auditability,"Domain-aware assistants built into AI Hub that retrieve, reason, plan, and execute tasks - all with strict guardrails and full audit trails. Not generic chatbots; these are purpose-built for your business context.",Domain-aware retrieval and reasoning; Multi-step task execution; Strict guardrails; Full audit trail; Role-based access; Custom knowledge grounding,Any enterprise vertical,Operations; Customer Service; Legal; Finance; HR; Sales teams,Generic AI giving wrong or hallucinated answers; No auditability of AI decisions; AI accessing data it should not; Lack of domain-specific knowledge in AI tools,"Enterprises needing AI assistants that are accurate, auditable and secure - not just fast",Guardrailed by design; Domain-trained on your data; Every response fully auditable,Part of AI Hub platform,Inherits AI Hub governance stack,Included in AI Hub - contact for pricing,Book a Demo at beamdata.ai/ai-hub,https://beamdata.ai/ai-hub,We just use ChatGPT for this,"ChatGPT has no guardrails, no domain grounding, and no audit trail. AI Hub Assistants know your business context and every action is logged.",,,,,"Microsoft Copilot, ChatGPT Enterprise - AI Hub assistants are private, governed and domain-specific.","Used in production at enterprise clients across manufacturing, finance, and media"
BD-PROD-003,Product - AI Hub Component,AI Hub - RAG Knowledge Base,Platform Component,Private governed retrieval with source-cited answers,"A private, governed retrieval-augmented generation (RAG) layer built into AI Hub. Secure ingestion of internal documents, grounded answers with source citations, and zero data leaving your environment.","Secure document ingestion; Grounded source-cited answers; Private retrieval - no data leaves environment; Access-controlled knowledge segmentation; Supports PDF, Word, databases, and APIs",Legal; Finance; Manufacturing; EdTech; Any document-heavy enterprise,Knowledge Management; Legal Ops; Compliance; IT; HR; Sales Enablement,AI hallucinating facts; No traceability of AI answers; Employees wasting time searching internal docs; Unsecured public AI accessing private data,"Organizations with large internal document libraries (policies, contracts, manuals, research) who need AI to answer questions from them accurately and securely",Fully private - no public model training on your data; Source citations on every answer; Access controls by department or role,Part of AI Hub platform,Inherits AI Hub governance stack,Included in AI Hub - contact for pricing,Book a Demo at beamdata.ai/ai-hub,https://beamdata.ai/ai-hub,Can we use our existing SharePoint / Confluence?,Yes - AI Hub RAG integrates with your existing document stores. No migration required.,NULL,NULL,NULL,NULL,"Glean, Notion AI, SharePoint Copilot - AI Hub RAG is private, governed and fully on-prem capable.",Deployed at clients in finance and media for secure internal Q&A
BD-PROD-004,Product - AI Hub Component,AI Hub - AI Orchestration Platform,Platform Component,No-code automation for multi-step AI workflows,"A scalable no-code orchestration layer within AI Hub for building, deploying, and managing multi-step AI workflows - summaries, routing, extraction, classification, and complex business processes - without engineering overhead.","No-code workflow builder; Multi-agent orchestration; Summaries, routing, extraction, classification; Multi-step business process automation; Production-grade reliability; Visual workflow designer",Any enterprise - especially operations-heavy industries,Operations; IT; Data Engineering; Business Analysts; Process Owners,Manual repetitive AI tasks; Fragmented automation tools; Engineering bottlenecks for AI workflows; No visibility into multi-step AI processes,"Enterprises wanting to automate document processing, approval routing, reporting or data extraction without writing code",No-code; Multi-agent; Production-tested; Governed and auditable at every workflow step,Part of AI Hub platform,Inherits AI Hub governance stack,Included in AI Hub - contact for pricing,Book a Demo at beamdata.ai/ai-hub,https://beamdata.ai/ai-hub,We already use Zapier / Make for automation,"Those tools are not AI-native and have no governance. AI Hub Orchestration is built for AI workflows - multi-agent, auditable, and enterprise-grade.",NULL,NULL,NULL,NULL,"Zapier, Make, Microsoft Power Automate - AI Hub Orchestration is purpose-built for AI workflows, not generic task automation.",Used in manufacturing and EdTech for automated reporting and student triage workflows
BD-SVC-001,Service,AI Strategy,Consulting Service,Build the foundation for AI innovation,"A comprehensive AI strategy service that provides a tailored roadmap aligned to your business objectives. Beam Data analyzes current processes, identifies AI opportunities, and delivers a clear plan to integrate AI effectively - turning uncertainty into a competitive advantage.",AI Readiness Assessment; Opportunity Discovery & Use Case Development; Custom AI Roadmap; ROI & Feasibility Analysis,All B2B industries - especially those beginning their AI journey,CEO; CTO; CDO; VP of Operations; Head of Innovation; Board-level decision makers,Uncertainty about where to start with AI; Stalled or failed AI projects; Not knowing which AI initiatives to prioritize; Fear of investing in the wrong technology; Gap between AI hype and business reality,Mid to large enterprises that know AI is important but lack a clear plan - especially those who have tried AI pilots without production results,Deep cross-industry AI expertise; Tailored - not templated; Future-ready focus on emerging trends; Includes ROI analysis before any investment,Consulting engagement - remote or on-site,NULL,Project-based - free consultation available,Schedule a Free Consultation at beamdata.ai/services/ai-strategy,https://beamdata.ai/services/ai-strategy/,We already have an internal AI team,Internal teams benefit most from an external strategic perspective. We augment your team with cross-industry experience and a proven framework - not replace them.,This feels expensive for just a roadmap,The ROI analysis we include shows exactly what each AI initiative is worth. Most clients find the strategy pays for itself by avoiding one failed project.,We are too small for an AI strategy,Our strategies are tailored to your size and stage. Startups and SMBs benefit most from starting with the right plan rather than expensive course-corrections later.,"Big 4 consulting (Deloitte, PwC AI practices) - Beam Data is faster, more specialized, and designed for practical execution - not slide decks.","Delivered AI strategies for Fortune 500s and high-growth startups; clients include EY, Samsung, and Mars"
BD-SVC-002,Service,AI Implementation,Consulting Service,Turn your AI vision into production reality,"End-to-end AI implementation that takes a strategic roadmap and builds it into production. Beam Data handles custom model development, system integration, deployment at scale, and ongoing performance monitoring - from prototype to live system.",End-to-End Project Management; Custom Model Development & Deployment; System Integration & Optimization; Performance Monitoring & Support,All B2B industries - especially those with existing AI strategy or PoC needing production deployment,CTO; VP Engineering; Head of Data Science; IT Director; Chief Digital Officer,AI stuck in pilot or PoC phase; No path from prototype to production; Integration failures between AI and existing systems; Lack of ML engineering talent; Poor model performance after deployment,Organizations with an AI strategy or PoC that need an experienced team to build and deploy it - especially those lacking in-house ML engineering capacity,Full project ownership from build to deployment; Proven integration frameworks; Ongoing support post-launch; Built for scale from day one,Hybrid team - Beam Data engineers embedded with client team; or fully managed build,Follows client compliance requirements; security review included,Project-based with milestones - contact for scoping,Schedule a Free Consultation at beamdata.ai/services/ai-implementation,https://beamdata.ai/services/ai-implementation/,We will build it in-house,In-house builds take 3-5x longer without specialized ML engineering. We compress timelines significantly and transfer knowledge to your team as we go.,How do we know your models will work in our environment?,Every implementation starts with a system assessment and integration design. We do not build until we understand your stack completely.,What happens after go-live?,"We include performance monitoring and support post-launch. Model drift, data changes, and performance issues are covered in our ongoing support tier.","Accenture, Cognizant AI practices - Beam Data is faster to deploy, more agile, and does not require multi-year contracts.","Production AI deployments at clients across banking, retail, telecom, and tech startups"
BD-SVC-003,Service,AI Infrastructure,Consulting Service,Build the backbone of your AI ecosystem,"Designs and builds the scalable technical infrastructure that AI systems require - cloud environments, data storage, processing pipelines, and architecture. Ensures AI solutions run reliably, securely, and at scale.",Current System Assessment; Scalable Architecture Design; Cloud and On-Premises Integration; Performance Optimization & Monitoring,"All B2B - especially data-intensive industries: finance, manufacturing, healthcare, media",CTO; Cloud Architect; VP of Engineering; Head of Infrastructure; IT Director,AI systems crashing under production load; Expensive and unoptimized cloud spend; Poor data pipelines slowing AI performance; Lack of scalable architecture for AI growth; Security gaps in AI data flows,Organizations where AI performance is bottlenecked by infrastructure - or those building AI infrastructure from scratch and needing architecture expertise,"Cloud-agnostic (AWS, Azure, GCP); On-prem and hybrid capable; Architecture designed for AI-specific workloads, not generic IT","Cloud, on-premises, or hybrid; provider-agnostic",Security and compliance assessment included,Project-based - contact for assessment,Schedule a Free Consultation at beamdata.ai/services/ai-infrastructure,https://beamdata.ai/services/ai-infrastructure/,We are already on AWS / Azure,"Being on cloud is just the start. AI workloads have unique requirements - GPUs, vector databases, streaming pipelines. We optimize your existing setup for AI specifically.",Our IT team handles infrastructure,"General IT infrastructure and AI infrastructure are very different. We specialize in the ML-specific components - data pipelines, model serving, vector stores - that general IT teams rarely have experience with.",,,"Cloud professional services (AWS ProServe, Azure Consulting) - Beam Data is AI-specialized and vendor-neutral.","Infrastructure builds for clients in banking, retail, and telecom; supports both startup scale and Fortune 500 enterprise environments"
BD-SVC-004,Service,Data and Cloud Infrastructure,Consulting Service,Empower your data operations,"Streamlines data storage, processing, and integration workflows while leveraging cloud for scalability and flexibility. Ensures the data foundation is ready to support AI and analytics initiatives with unified, clean, and accessible data.",Infrastructure Assessment & Gap Analysis; Data Integration & Unification; Cloud Scalability & Optimization; Security & Compliance Assurance,"All B2B - especially data-heavy: finance, retail, logistics, healthcare",CDO; Head of Data Engineering; VP of Technology; CTO; Data Platform Lead,Siloed and fragmented data across systems; Slow and unreliable data pipelines; High and unoptimized cloud infrastructure costs; Data security and compliance gaps; Inability to scale data operations with business growth,"Organizations where data is spread across multiple systems (CRM, ERP, data warehouse, APIs) with no unified layer - blocking AI and analytics progress",End-to-end from strategy to pipeline build; Cloud-agnostic; Security and compliance built-in; Designed to support downstream AI initiatives,"Cloud (AWS, Azure, GCP), on-premises, or hybrid",Security and compliance review included in all engagements,Project-based - contact for scoping,Schedule a Free Consultation at beamdata.ai/services/data-and-cloud-infrastructure,https://beamdata.ai/services/data-and-cloud-infrastructure/,We already have a data warehouse,"A warehouse is not a data strategy. We assess whether your current setup is optimized for cost, performance, and AI readiness - most are not.",Data migrations are risky,We include a full gap analysis and phased migration plan to minimize risk. Every engagement starts with assessment before any changes are made.,,,"Databricks professional services, Snowflake partners - Beam Data is platform-agnostic and focused on the full data stack, not a single vendor.","Data infrastructure builds for major banks, retailers, telecoms, and HR platforms"
BD-SVC-005,Service,Data Analytics and Data Science,Consulting Service,Drive smarter decisions with actionable insights,"Transforms raw data into actionable insights through advanced analytics, predictive modeling, and custom data science solutions. Helps businesses make confident, data-driven decisions with clear visualization and reporting.",Advanced Data Analytics; Predictive Modeling & Forecasting; Custom Data Science Solutions; Data Visualization & Reporting,Finance; Retail; Healthcare; Telecom; HR; Any data-rich B2B sector,VP of Analytics; Head of Business Intelligence; CMO; CFO; COO; Data Science Lead,Decisions still based on gut feel or lagging reports; No predictive capability; Data buried in spreadsheets; Lack of data science talent; Dashboards that show data but not insights,Mid-to-large businesses with data but no clear analytics capability - or those with analytics teams needing specialist data science augmentation for predictive modeling,"Custom solutions - not off-the-shelf dashboards; Predictive modeling that drives decisions, not just describe them; Experienced team across Python, SQL, ML, and BI tools",Consulting engagement; models and dashboards delivered and handed over to client team,Data privacy and security standards followed throughout,Project-based or retainer - contact for scoping,Schedule a Free Consultation at beamdata.ai/services/data-analytics-and-data-science,https://beamdata.ai/services/data-analytics-and-data-science/,We already have Tableau / Power BI,BI tools show what happened. Data science tells you what will happen and why. We build predictive models your BI tools cannot - and feed the outputs into your existing dashboards.,We tried data science before and did not see ROI,Most failed data science projects lack a clear business question. We start every engagement by defining the decision the model needs to support - then build backwards from there.,Our data is too messy to analyse,"Messy data is our starting point, not a blocker. Data cleaning and preparation is included in every analytics engagement.","In-house analytics teams, freelance data scientists - Beam Data brings a full team with cross-industry experience and proven delivery frameworks.","Custom Python/Scala/SQL, ML, and big data solutions for major banks, retail, telecom, and HR companies; past clients include Fortune 500s"
BD-CO-001,Company,Beam Data - Company Overview,Company Info,Transforming businesses with tailored AI and data solutions,"Beam Data is a leading AI and data consulting group headquartered in Toronto, Canada. Founded over a decade ago, the company serves Fortune 500 companies and high-growth startups worldwide with end-to-end AI and data services - from strategy to production deployment.","Over a decade of AI and data delivery; Fortune 500 and startup clients; Toronto HQ with global delivery; ~110 employees; Full-service: strategy, implementation, infrastructure, analytics, and platform",All B2B - Manufacturing; EdTech; Finance; Media; Retail; Telecom; Healthcare; HR,C-suite; VP Technology; Head of Data; Head of AI; CDO; CTO,Organizations need an experienced partner to guide and build AI and data capabilities without the risk of building an internal team from scratch,"B2B organizations across North America and globally looking to implement, scale, or govern AI and data - from strategy to production",Full-service (strategy through platform); Proven track record with enterprise and startup clients; Cross-industry expertise; Collaborative client-focused approach; Measurable results focus,Remote and on-site engagements; global delivery capability,ISO 27001 certified (AI Hub platform),Free consultation available for all services,Contact at beamdata.ai/contact or call +1 647-459-8172,https://beamdata.ai,Are you big enough to handle our scale?,"We have delivered for Fortune 500 companies including Samsung, EY, and Mars. Our team of 110+ specialists combines enterprise experience with startup agility.",We prefer a local vendor,"We are headquartered in Toronto and serve clients across North America and globally, with both remote and on-site delivery options.",How are you different from a freelancer or agency?,"We are a full-service consulting group - not a freelancer or generalist agency. We bring a full team of AI engineers, data scientists, architects, and strategists to every engagement.","QuantHub, Exponentia.ai, Cleartelligence, Big 4 AI practices - Beam Data combines deep technical specialization with practical business focus and faster delivery.","Trusted by Samsung, EY, Mars, Globe and Mail, Sportsnet, Toromont CAT, and 30+ other recognized brands"
